{
  "UpdateStudent" : {
    "transaction" : "UpdateStudent",
    "sampleCount" : 20,
    "errorCount" : 0,
    "errorPct" : 0.0,
    "meanResTime" : 6633.250000000001,
    "medianResTime" : 6607.0,
    "minResTime" : 5335.0,
    "maxResTime" : 8099.0,
    "pct1ResTime" : 7991.700000000001,
    "pct2ResTime" : 8094.65,
    "pct3ResTime" : 8099.0,
    "throughput" : 0.3662802410123986,
    "receivedKBytesPerSec" : 0.6374134662930608,
    "sentKBytesPerSec" : 0.6620944590956541
  },
  "CreateNewStudent" : {
    "transaction" : "CreateNewStudent",
    "sampleCount" : 20,
    "errorCount" : 0,
    "errorPct" : 0.0,
    "meanResTime" : 6833.7,
    "medianResTime" : 6535.5,
    "minResTime" : 5455.0,
    "maxResTime" : 9007.0,
    "pct1ResTime" : 8791.2,
    "pct2ResTime" : 8996.75,
    "pct3ResTime" : 9007.0,
    "throughput" : 0.37666911501591427,
    "receivedKBytesPerSec" : 0.6518141326251954,
    "sentKBytesPerSec" : 0.6661599289978718
  },
  "GetStudentDetails" : {
    "transaction" : "GetStudentDetails",
    "sampleCount" : 20,
    "errorCount" : 0,
    "errorPct" : 0.0,
    "meanResTime" : 611.1499999999999,
    "medianResTime" : 361.5,
    "minResTime" : 283.0,
    "maxResTime" : 1292.0,
    "pct1ResTime" : 1138.7,
    "pct2ResTime" : 1284.35,
    "pct3ResTime" : 1292.0,
    "throughput" : 0.4200709919976476,
    "receivedKBytesPerSec" : 0.7269197244334293,
    "sentKBytesPerSec" : 0.5222171609502007
  },
  "GetactiveStudentDetails" : {
    "transaction" : "GetactiveStudentDetails",
    "sampleCount" : 20,
    "errorCount" : 0,
    "errorPct" : 0.0,
    "meanResTime" : 10983.3,
    "medianResTime" : 10894.5,
    "minResTime" : 8553.0,
    "maxResTime" : 13046.0,
    "pct1ResTime" : 12896.6,
    "pct2ResTime" : 13039.15,
    "pct3ResTime" : 13046.0,
    "throughput" : 0.4055725670715633,
    "receivedKBytesPerSec" : 10.636536638411778,
    "sentKBytesPerSec" : 0.49547976699856017
  },
  "DeleteEnrollment" : {
    "transaction" : "DeleteEnrollment",
    "sampleCount" : 20,
    "errorCount" : 0,
    "errorPct" : 0.0,
    "meanResTime" : 381.75000000000006,
    "medianResTime" : 399.0,
    "minResTime" : 293.0,
    "maxResTime" : 482.0,
    "pct1ResTime" : 451.20000000000005,
    "pct2ResTime" : 480.54999999999995,
    "pct3ResTime" : 482.0,
    "throughput" : 0.4097856820882678,
    "receivedKBytesPerSec" : 0.24451079273040202,
    "sentKBytesPerSec" : 0.5214362732041142
  },
  "Total" : {
    "transaction" : "Total",
    "sampleCount" : 202,
    "errorCount" : 0,
    "errorPct" : 0.0,
    "meanResTime" : 3860.5544554455446,
    "medianResTime" : 964.0,
    "minResTime" : 266.0,
    "maxResTime" : 13091.0,
    "pct1ResTime" : 11018.100000000013,
    "pct2ResTime" : 12220.75,
    "pct3ResTime" : 13044.11,
    "throughput" : 2.4799273209418815,
    "receivedKBytesPerSec" : 15.695352207994697,
    "sentKBytesPerSec" : 3.5334000824084764
  },
  "GetinactiveStudentDetails" : {
    "transaction" : "GetinactiveStudentDetails",
    "sampleCount" : 20,
    "errorCount" : 0,
    "errorPct" : 0.0,
    "meanResTime" : 10597.9,
    "medianResTime" : 10380.0,
    "minResTime" : 7929.0,
    "maxResTime" : 13091.0,
    "pct1ResTime" : 12926.300000000001,
    "pct2ResTime" : 13085.6,
    "pct3ResTime" : 13091.0,
    "throughput" : 0.3844822945903341,
    "receivedKBytesPerSec" : 9.212011797598908,
    "sentKBytesPerSec" : 0.4704651514860241
  },
  "CreateNewSchedule" : {
    "transaction" : "CreateNewSchedule",
    "sampleCount" : 20,
    "errorCount" : 0,
    "errorPct" : 0.0,
    "meanResTime" : 841.45,
    "medianResTime" : 794.5,
    "minResTime" : 667.0,
    "maxResTime" : 1089.0,
    "pct1ResTime" : 1061.3000000000002,
    "pct2ResTime" : 1087.85,
    "pct3ResTime" : 1089.0,
    "throughput" : 0.4093327875562833,
    "receivedKBytesPerSec" : 0.8859016833810889,
    "sentKBytesPerSec" : 0.7225283335038887
  },
  "DeleteStudent" : {
    "transaction" : "DeleteStudent",
    "sampleCount" : 20,
    "errorCount" : 0,
    "errorPct" : 0.0,
    "meanResTime" : 397.05000000000007,
    "medianResTime" : 400.5,
    "minResTime" : 311.0,
    "maxResTime" : 494.0,
    "pct1ResTime" : 489.8,
    "pct2ResTime" : 493.85,
    "pct3ResTime" : 494.0,
    "throughput" : 0.406512327486331,
    "receivedKBytesPerSec" : 0.7070297414581598,
    "sentKBytesPerSec" : 0.5140951797800769
  },
  "GetAuthorizationToken" : {
    "transaction" : "GetAuthorizationToken",
    "sampleCount" : 2,
    "errorCount" : 0,
    "errorPct" : 0.0,
    "meanResTime" : 498.0,
    "medianResTime" : 498.0,
    "minResTime" : 266.0,
    "maxResTime" : 730.0,
    "pct1ResTime" : 730.0,
    "pct2ResTime" : 730.0,
    "pct3ResTime" : 730.0,
    "throughput" : 1.9342359767891684,
    "receivedKBytesPerSec" : 3.8637496977756287,
    "sentKBytesPerSec" : 0.6771714821083172
  },
  "CreateNewEnrollment" : {
    "transaction" : "CreateNewEnrollment",
    "sampleCount" : 20,
    "errorCount" : 0,
    "errorPct" : 0.0,
    "meanResTime" : 831.25,
    "medianResTime" : 805.0,
    "minResTime" : 566.0,
    "maxResTime" : 1102.0,
    "pct1ResTime" : 1087.0000000000002,
    "pct2ResTime" : 1101.75,
    "pct3ResTime" : 1102.0,
    "throughput" : 0.41315485043794414,
    "receivedKBytesPerSec" : 0.6921352423669641,
    "sentKBytesPerSec" : 0.627196499029086
  },
  "DeleteSchedule" : {
    "transaction" : "DeleteSchedule",
    "sampleCount" : 20,
    "errorCount" : 0,
    "errorPct" : 0.0,
    "meanResTime" : 831.0,
    "medianResTime" : 838.5,
    "minResTime" : 610.0,
    "maxResTime" : 1020.0,
    "pct1ResTime" : 1006.6,
    "pct2ResTime" : 1019.35,
    "pct3ResTime" : 1020.0,
    "throughput" : 0.40769732550554466,
    "receivedKBytesPerSec" : 0.8808690896628344,
    "sentKBytesPerSec" : 0.51798263719015
  }
}