{
  "MyTeachers_DeactivateTeacher" : {
    "transaction" : "MyTeachers_DeactivateTeacher",
    "sampleCount" : 13,
    "errorCount" : 13,
    "errorPct" : 100.0,
    "meanResTime" : 320.07692307692304,
    "medianResTime" : 271.0,
    "minResTime" : 248.0,
    "maxResTime" : 738.0,
    "pct1ResTime" : 585.1999999999998,
    "pct2ResTime" : 738.0,
    "pct3ResTime" : 738.0,
    "throughput" : 0.5890082008064881,
    "receivedKBytesPerSec" : 0.3514492291921526,
    "sentKBytesPerSec" : 0.751171290947397
  },
  "MyTeachers_DeleteTeacher" : {
    "transaction" : "MyTeachers_DeleteTeacher",
    "sampleCount" : 13,
    "errorCount" : 13,
    "errorPct" : 100.0,
    "meanResTime" : 266.3076923076923,
    "medianResTime" : 259.0,
    "minResTime" : 245.0,
    "maxResTime" : 326.0,
    "pct1ResTime" : 315.59999999999997,
    "pct2ResTime" : 326.0,
    "pct3ResTime" : 326.0,
    "throughput" : 0.5919045667713883,
    "receivedKBytesPerSec" : 0.3531774319309748,
    "sentKBytesPerSec" : 0.7485067215316669
  },
  "MyTeachers_SubscriptionValidation" : {
    "transaction" : "MyTeachers_SubscriptionValidation",
    "sampleCount" : 13,
    "errorCount" : 0,
    "errorPct" : 0.0,
    "meanResTime" : 1380.4615384615383,
    "medianResTime" : 1335.0,
    "minResTime" : 1206.0,
    "maxResTime" : 1941.0,
    "pct1ResTime" : 1774.1999999999998,
    "pct2ResTime" : 1941.0,
    "pct3ResTime" : 1941.0,
    "throughput" : 0.5262731762610315,
    "receivedKBytesPerSec" : 0.15315371731033922,
    "sentKBytesPerSec" : 0.6778455438830864
  },
  "MyTeachers_SearchTeacher" : {
    "transaction" : "MyTeachers_SearchTeacher",
    "sampleCount" : 13,
    "errorCount" : 0,
    "errorPct" : 0.0,
    "meanResTime" : 279.53846153846155,
    "medianResTime" : 268.0,
    "minResTime" : 257.0,
    "maxResTime" : 394.0,
    "pct1ResTime" : 353.19999999999993,
    "pct2ResTime" : 394.0,
    "pct3ResTime" : 394.0,
    "throughput" : 0.5512211668928086,
    "receivedKBytesPerSec" : 0.4650928595658073,
    "sentKBytesPerSec" : 0.6954446738254749
  },
  "MyTeachers_UpdateTeacher" : {
    "transaction" : "MyTeachers_UpdateTeacher",
    "sampleCount" : 13,
    "errorCount" : 13,
    "errorPct" : 100.0,
    "meanResTime" : 266.2307692307692,
    "medianResTime" : 257.0,
    "minResTime" : 245.0,
    "maxResTime" : 302.0,
    "pct1ResTime" : 302.0,
    "pct2ResTime" : 302.0,
    "pct3ResTime" : 302.0,
    "throughput" : 0.5878097305118467,
    "receivedKBytesPerSec" : 0.3507341263112679,
    "sentKBytesPerSec" : 1.0762676060318321
  },
  "MyTeachers_GetinactiveSchedules" : {
    "transaction" : "MyTeachers_GetinactiveSchedules",
    "sampleCount" : 13,
    "errorCount" : 0,
    "errorPct" : 0.0,
    "meanResTime" : 272.9230769230769,
    "medianResTime" : 260.0,
    "minResTime" : 253.0,
    "maxResTime" : 409.0,
    "pct1ResTime" : 354.19999999999993,
    "pct2ResTime" : 409.0,
    "pct3ResTime" : 409.0,
    "throughput" : 0.5510342488979315,
    "receivedKBytesPerSec" : 0.7647090380213633,
    "sentKBytesPerSec" : 0.691442014242116
  },
  "MyTeachers_NewTeacherAvailabilty" : {
    "transaction" : "MyTeachers_NewTeacherAvailabilty",
    "sampleCount" : 13,
    "errorCount" : 13,
    "errorPct" : 100.0,
    "meanResTime" : 266.2307692307692,
    "medianResTime" : 254.0,
    "minResTime" : 246.0,
    "maxResTime" : 315.0,
    "pct1ResTime" : 315.0,
    "pct2ResTime" : 315.0,
    "pct3ResTime" : 315.0,
    "throughput" : 0.5775211017325633,
    "receivedKBytesPerSec" : 0.34459511050644154,
    "sentKBytesPerSec" : 0.9079731924700133
  },
  "MyTeachers_GetTeacherDetails" : {
    "transaction" : "MyTeachers_GetTeacherDetails",
    "sampleCount" : 13,
    "errorCount" : 13,
    "errorPct" : 100.0,
    "meanResTime" : 265.1538461538462,
    "medianResTime" : 261.0,
    "minResTime" : 254.0,
    "maxResTime" : 290.0,
    "pct1ResTime" : 285.6,
    "pct2ResTime" : 290.0,
    "pct3ResTime" : 290.0,
    "throughput" : 0.5788325392938243,
    "receivedKBytesPerSec" : 0.34537761866067057,
    "sentKBytesPerSec" : 0.7195403290440359
  },
  "MyTeachers_activateTeacher" : {
    "transaction" : "MyTeachers_activateTeacher",
    "sampleCount" : 13,
    "errorCount" : 13,
    "errorPct" : 100.0,
    "meanResTime" : 271.15384615384613,
    "medianResTime" : 263.0,
    "minResTime" : 248.0,
    "maxResTime" : 337.0,
    "pct1ResTime" : 322.2,
    "pct2ResTime" : 337.0,
    "pct3ResTime" : 337.0,
    "throughput" : 0.5917429104647457,
    "receivedKBytesPerSec" : 0.35308097489644497,
    "sentKBytesPerSec" : 0.7535031607037188
  },
  "Total" : {
    "transaction" : "Total",
    "sampleCount" : 193,
    "errorCount" : 117,
    "errorPct" : 60.62176,
    "meanResTime" : 432.259067357513,
    "medianResTime" : 271.0,
    "minResTime" : 245.0,
    "maxResTime" : 1941.0,
    "pct1ResTime" : 1220.9999999999998,
    "pct2ResTime" : 1392.6999999999996,
    "pct3ResTime" : 1779.3200000000004,
    "throughput" : 5.046543248614162,
    "receivedKBytesPerSec" : 6.38470760936356,
    "sentKBytesPerSec" : 6.2877765548190565
  },
  "MyTeachers_GetTeacherAvailabilityDetails" : {
    "transaction" : "MyTeachers_GetTeacherAvailabilityDetails",
    "sampleCount" : 13,
    "errorCount" : 13,
    "errorPct" : 100.0,
    "meanResTime" : 313.38461538461536,
    "medianResTime" : 263.0,
    "minResTime" : 249.0,
    "maxResTime" : 464.0,
    "pct1ResTime" : 464.0,
    "pct2ResTime" : 464.0,
    "pct3ResTime" : 464.0,
    "throughput" : 0.5794775786752252,
    "receivedKBytesPerSec" : 0.34576250055719,
    "sentKBytesPerSec" : 0.7288306114602835
  },
  "MyTeachers_DeleteAvailability" : {
    "transaction" : "MyTeachers_DeleteAvailability",
    "sampleCount" : 13,
    "errorCount" : 13,
    "errorPct" : 100.0,
    "meanResTime" : 284.5384615384616,
    "medianResTime" : 260.0,
    "minResTime" : 252.0,
    "maxResTime" : 361.0,
    "pct1ResTime" : 361.0,
    "pct2ResTime" : 361.0,
    "pct3ResTime" : 361.0,
    "throughput" : 0.5849795257166,
    "receivedKBytesPerSec" : 0.34904540059847905,
    "sentKBytesPerSec" : 0.7437483828690996
  },
  "GetAuthorizationToken" : {
    "transaction" : "GetAuthorizationToken",
    "sampleCount" : 24,
    "errorCount" : 0,
    "errorPct" : 0.0,
    "meanResTime" : 378.29166666666663,
    "medianResTime" : 329.5,
    "minResTime" : 314.0,
    "maxResTime" : 1267.0,
    "pct1ResTime" : 463.5,
    "pct2ResTime" : 1092.75,
    "pct3ResTime" : 1267.0,
    "throughput" : 2.6266827186166135,
    "receivedKBytesPerSec" : 5.263305276622524,
    "sentKBytesPerSec" : 0.9248325831782861
  },
  "MyTeachers_GetactiveTeachers" : {
    "transaction" : "MyTeachers_GetactiveTeachers",
    "sampleCount" : 13,
    "errorCount" : 0,
    "errorPct" : 0.0,
    "meanResTime" : 1250.4615384615386,
    "medianResTime" : 1169.0,
    "minResTime" : 1020.0,
    "maxResTime" : 1769.0,
    "pct1ResTime" : 1627.3999999999999,
    "pct2ResTime" : 1769.0,
    "pct3ResTime" : 1769.0,
    "throughput" : 0.5305905881392595,
    "receivedKBytesPerSec" : 3.8154134652667238,
    "sentKBytesPerSec" : 0.6647528417207461
  },
  "MyTeachers_NewTeacher" : {
    "transaction" : "MyTeachers_NewTeacher",
    "sampleCount" : 13,
    "errorCount" : 13,
    "errorPct" : 100.0,
    "meanResTime" : 282.53846153846155,
    "medianResTime" : 259.0,
    "minResTime" : 246.0,
    "maxResTime" : 429.0,
    "pct1ResTime" : 385.79999999999995,
    "pct2ResTime" : 429.0,
    "pct3ResTime" : 429.0,
    "throughput" : 0.5534976795674202,
    "receivedKBytesPerSec" : 0.3302608224762635,
    "sentKBytesPerSec" : 0.9972271895090902
  }
}